Pclass,Sex,Age_mean,Age_first,Age_last,Age_std,Survived
3,male,26.519446640316207,25.0,32.0,12.156563111204786,47
1,female,34.188235294117646,2.0,19.0,14.058122645820454,91
3,female,21.75,26.0,39.0,12.729963872612515,72
1,male,41.28138613861386,54.0,26.0,15.139570471430352,45
2,female,28.722972972972972,14.0,25.0,12.872701787671772,70
2,male,30.74070707070707,35.0,27.0,14.793893752224006,17
